{
  "Sao_Paulo": {
    "ping_ms": 30,
    "avg_tick_s": 0.031243400000676047,
    "tps": 32.00534105174427
  },
  "Rio_de_Janeiro": {
    "ping_ms": 40,
    "avg_tick_s": 0.041108514997176826,
    "tps": 24.324854540448843
  },
  "Brasilia": {
    "ping_ms": 55,
    "avg_tick_s": 0.056019179997383615,
    "tps": 17.850565242696586
  },
  "Manaus": {
    "ping_ms": 120,
    "avg_tick_s": 0.1211676550025004,
    "tps": 8.252913846029298
  },
  "Fortaleza": {
    "ping_ms": 110,
    "avg_tick_s": 0.11111272500129417,
    "tps": 8.999749401903218
  },
  "Porto_Alegre": {
    "ping_ms": 70,
    "avg_tick_s": 0.07102198000065982,
    "tps": 14.079988555881743
  }
}